"","HS","ES","FS","CS"
"observed number tested (CS scaled by dP)",0,7508,165207,6684.42322328068
"number tested to achieve dp",0,7508.00002306117,165207.000002544,6684.42337733281
